<?xml version="1.0" encoding="UTF-8"?>
<c3p0-config>

  <default-config>
    <property name="driverClass">com.mysql.jdbc.Driver</property>
	<property name="jdbcUrl">jdbc:mysql://localhost:3306/j01?characterEncoding=utf8&amp;serverTimezone=GMT</property>
	<property name="user">root</property>
	<property name="password">root</property>
	<property name="initialPoolSize">5</property>
	<property name="maxPoolSize">20</property>
	<property name="minPoolSize">2</property>
  </default-config>
  
  <named-config name="oracle">
    <property name="driverClass">com.oracle.jdbc.Driver</property>
	<property name="jdbcUrl">jdbc:mysql:///mydatabase</property>
	<property name="user">root</property>
	<property name="password">root</property>
  </named-config>
  
</c3p0-config>